{"_runtime":9904.733991613,"_step":379,"_wandb":{"runtime":9924},"step":760,"loss":0.19005617499351501,"perplexity":1.2093175649642944,"_timestamp":1.739828372985264e+09}