{"perplexity":1.2238749265670776,"_step":860,"_runtime":20831.478758371,"step":760,"loss":0.202021986246109,"_timestamp":1.7398657788866456e+09,"Epoch":21,"Validation Loss":12.552831649780273,"Validation Accuracy":18.42498779296875,"Step":600,"_wandb":{"runtime":20850}}