{"Validation Accuracy":11.8865966796875,"_wandb":{"runtime":714},"perplexity":380.5675964355469,"Step":200,"step":220,"_timestamp":1.7400236018080158e+09,"Validation Loss":6.479086995124817,"_runtime":710.858184769,"_step":93,"Epoch":3,"loss":5.94166374206543}