{"loss":2.1237761974334717,"_timestamp":1.7382090120635197e+09,"_runtime":810.635237678,"validation_accuracy":24.11041259765625,"validation_loss":5.707723498344421,"_wandb":{"runtime":814},"_step":269,"step":5160}