{"sample":41,"mean_perplexity":1.4282378917787133,"std_perplexity":0.30233374701439625,"final_mean_perplexity":1.4282378917787133,"_step":41,"final_std_perplexity":0.30233374701439625,"_timestamp":1.7416574336741076e+09,"_wandb":{"runtime":18},"perplexity":1.35495126247406,"_runtime":18.171933535}