{"step":700,"Validation Loss":6.5964473485946655,"_runtime":11680.781014034,"_timestamp":1.7430256328811104e+09,"Step":600,"Sample perplexity":1.2208813428878784,"loss":1.4648736715316772,"training_perplexity":4.326996803283691,"_wandb":{"runtime":11683},"Epoch":10,"Validation Accuracy":22.5372314453125,"_step":379}