{"_timestamp":1.7383704537351472e+09,"_runtime":70.267318434,"_step":20,"step":400,"loss":4.425626277923584,"validation_accuracy":25.50811767578125,"validation_loss":4.916070818901062,"_wandb":{"runtime":71}}