{"_wandb":{"runtime":60688},"_runtime":60644.933277691,"step":760,"_step":1091,"_timestamp":1.7390241987112875e+09,"validation_accuracy":15.71044921875,"loss":0.16410641372203827,"validation_loss":19.536147117614746,"perplexity":1.1783397197723389}