{"_step":286,"Epoch":7,"step":760,"_timestamp":1.7407677065652452e+09,"Validation Accuracy":20.37811279296875,"perplexity":9.879522323608398,"loss":2.290464162826538,"_runtime":3696.735838784,"Step":600,"_wandb":{"runtime":3707},"Validation Loss":7.900367498397827}