{"Step":600,"step":760,"_timestamp":1.74077203529239e+09,"_runtime":3683.191749113,"_step":286,"Validation Accuracy":17.529296875,"_wandb":{"runtime":3693},"Epoch":7,"Validation Loss":9.38908576965332,"loss":0.41358688473701477,"perplexity":1.5122321844100952}