{"validation_accuracy":18.310546875,"loss":0.15426653623580933,"_timestamp":1.7386281813563118e+09,"step":760,"_runtime":1295.734251317,"validation_loss":8.717580556869507,"_wandb":{"runtime":1298},"_step":389,"perplexity":1.166801929473877}