{"std_perplexity":0.9170792735404202,"final_std_perplexity":0.9170792735404202,"_runtime":19.490532276,"_step":82,"_wandb":{"runtime":19},"sample":82,"mean_perplexity":2.0971217475286346,"_timestamp":1.7416584153600798e+09,"perplexity":1.04148268699646,"final_mean_perplexity":2.0971217475286346}