{"_step":2429,"validation_accuracy":18.328857421875,"validation_loss":8.510241985321045,"_wandb":{"runtime":11432},"step":5160,"loss":1.057627558708191,"_timestamp":1.7382224190514736e+09,"_runtime":11428.009785949}