{"mean_perplexity":1.3943293571472168,"final_std_perplexity":0.14837717060824282,"_runtime":18.330922917,"_step":10,"std_perplexity":0.14837717060824282,"final_mean_perplexity":1.3943293571472168,"sample":10,"perplexity":1.528246521949768,"_wandb":{"runtime":18},"_timestamp":1.7416583105769808e+09}