{"perplexity":273.3854675292969,"_timestamp":1.7404540878781867e+09,"Epoch":3,"Step":200,"step":320,"_runtime":477.560873111,"Validation Accuracy":1.64337158203125,"loss":5.610882759094238,"_step":98,"Validation Loss":9.80226469039917,"_wandb":{"runtime":480}}