{"_timestamp":1.740449866327391e+09,"_runtime":661.223134549,"Validation Accuracy":21.29974365234375,"loss":0.1958855539560318,"_step":122,"perplexity":1.2163876295089722,"Step":600,"Epoch":3,"_wandb":{"runtime":665},"step":760,"Validation Loss":7.551319122314453}