{"step":760,"validation_accuracy":19.525146484375,"perplexity":2.183021068572998,"_timestamp":1.73881270227121e+09,"validation_loss":8.485120058059692,"_wandb":{"runtime":17491},"_runtime":17448.829824184,"_step":272,"loss":0.7807097434997559}