{"validation_loss":11.600341558456421,"_step":818,"_timestamp":1.7389546890796719e+09,"_wandb":{"runtime":58392},"step":760,"loss":0.5475873351097107,"validation_accuracy":17.43927001953125,"_runtime":58349.351173036,"perplexity":1.7290763854980469}