{"step":760,"_timestamp":1.7387053731156342e+09,"_runtime":2752.253723542,"validation_loss":7.1657692193984985,"perplexity":1.2248597145080566,"loss":0.2028263509273529,"_step":194,"validation_accuracy":22.1343994140625,"_wandb":{"runtime":2763}}