{"loss":2.762960195541382,"perplexity":15.84668254852295,"_timestamp":1.7395788252386904e+09,"_wandb":{"runtime":10133},"_runtime":10113.621524882,"_step":379,"step":760}