{"Sample perplexity":1.0787798166275024,"Step":600,"training_perplexity":1.1289583444595337,"Validation Accuracy":20.721435546875,"Epoch":7,"_step":265,"step":700,"_timestamp":1.7416551580949755e+09,"_wandb":{"runtime":1926},"loss":0.12129541486501694,"Validation Loss":7.999704957008362,"_runtime":1925.781854117}