{"step":760,"validation_accuracy":22.88055419921875,"perplexity":1.2388821840286255,"_timestamp":1.738692777511266e+09,"_step":194,"loss":0.2142094522714615,"_wandb":{"runtime":1603},"_runtime":1596.964436475,"validation_loss":7.044969797134399}