{"Step":400,"_step":152,"_wandb":{"runtime":1371},"_runtime":1368.625434701,"loss":0.1888342946767807,"perplexity":1.2078408002853394,"Validation Accuracy":20.54290771484375,"step":560,"Epoch":4,"_timestamp":1.7405298635015147e+09,"Validation Loss":7.999584674835205}