{"_wandb":{"runtime":10},"_timestamp":1.7412157483755279e+09,"_runtime":9.431581759,"_step":0,"step":20,"loss":4.899673938751221,"training_perplexity":134.24600219726562}