{"validation_accuracy":15.4266357421875,"_runtime":5013.705640855,"validation_loss":10.169774055480957,"loss":0.1873973160982132,"step":760,"_wandb":{"runtime":5017},"_step":974,"_timestamp":1.7386492853406072e+09,"perplexity":1.206106424331665}