{"_wandb":{"runtime":4734},"_runtime":4729.791305234,"Validation Accuracy":17.9595947265625,"perplexity":1.1236063241958618,"_timestamp":1.740083249656026e+09,"Validation Loss":8.976337432861328,"Epoch":21,"loss":0.1165434792637825,"Step":600,"step":760,"_step":860}