{"_timestamp":1.7383702961417334e+09,"validation_accuracy":26.446533203125,"validation_loss":4.901692152023315,"_wandb":{"runtime":70},"_runtime":69.379545706,"_step":20,"step":400,"loss":4.479708194732666}