{"_timestamp":1.740443114956446e+09,"Epoch":3,"_wandb":{"runtime":984},"perplexity":5.864625930786133,"loss":1.768938660621643,"_runtime":978.261180553,"_step":122,"Validation Loss":7.200873136520386,"Validation Accuracy":19.84710693359375,"step":760,"Step":600}