{"step":760,"_runtime":15125.620171258,"_step":272,"_wandb":{"runtime":15167},"_timestamp":1.7387935662152512e+09,"perplexity":2.457460641860962,"validation_loss":9.345581769943237,"loss":0.8991285562515259,"validation_accuracy":20.367431640625}