{"_timestamp":1.7404616730646825e+09,"step":760,"perplexity":1.2972519397735596,"_runtime":2296.047324925,"_step":286,"loss":0.26024821400642395,"Validation Loss":10.709338426589966,"Step":600,"Validation Accuracy":15.2374267578125,"_wandb":{"runtime":2302},"Epoch":7}