{"_wandb":{"runtime":21794},"Step":600,"Validation Accuracy":22.68829345703125,"step":760,"_step":860,"Epoch":21,"loss":1.2552804946899414,"perplexity":3.508822441101074,"_timestamp":1.7399339957584627e+09,"_runtime":21774.850584061,"Validation Loss":6.1384124755859375}