{"_runtime":13878.964476562,"validation_accuracy":17.1783447265625,"_step":974,"_wandb":{"runtime":13890},"step":760,"perplexity":1.1778374910354614,"validation_loss":9.753113746643066,"loss":0.16368015110492706,"_timestamp":1.7387389626913877e+09}