{"perplexity":1.2548803091049194,"final_std_perplexity":0.2739471665171386,"_wandb":{"runtime":18},"std_perplexity":0.2739471665171386,"final_mean_perplexity":1.407614290714264,"_step":20,"sample":20,"_runtime":18.87217426,"mean_perplexity":1.407614290714264,"_timestamp":1.7416575558803723e+09}