{"_timestamp":1.7416561197415333e+09,"std_perplexity":0.9229689458258191,"final_std_perplexity":0.9229689458258191,"mean_perplexity":3.9987574626237916,"_runtime":130.029755501,"perplexity":4.129392147064209,"_step":195,"sample":195,"final_mean_perplexity":3.9987574626237916,"_wandb":{"runtime":130}}