{"loss":2.1774075031280518,"_wandb":{"runtime":30186},"perplexity":8.823402404785156,"_step":389,"_timestamp":1.7388943022380638e+09,"_runtime":30115.250974179,"validation_loss":11.53898310661316,"step":760,"validation_accuracy":18.499755859375}