{"_step":20,"_wandb":{"runtime":175},"step":60,"loss":0.05206271633505821,"training_perplexity":1.0534417629241943,"_timestamp":1.7412161252577944e+09,"_runtime":171.317742216}