{"_wandb":{"runtime":2095},"_timestamp":1.7386437463693948e+09,"perplexity":1.2236930131912231,"_step":389,"_runtime":2091.219021357,"validation_accuracy":19.1802978515625,"validation_loss":8.399805784225464,"loss":0.20187337696552277,"step":760}