{"_step":20,"step":400,"loss":4.422199726104736,"_timestamp":1.7383540330607295e+09,"_runtime":68.727209305,"validation_accuracy":26.8402099609375,"validation_loss":4.808546662330627,"_wandb":{"runtime":69}}