{"final_mean_perplexity":1.6484422334810582,"_wandb":{"runtime":19},"sample":41,"perplexity":1.2581937313079834,"_timestamp":1.7416572756417792e+09,"mean_perplexity":1.6484422334810582,"std_perplexity":0.6371551340605514,"final_std_perplexity":0.6371551340605514,"_runtime":19.079816447,"_step":41}