{"_step":20,"std_perplexity":0.15920796528681982,"final_std_perplexity":0.15920796528681982,"final_mean_perplexity":1.3622066855430603,"sample":20,"_wandb":{"runtime":18},"_runtime":18.769421228,"_timestamp":1.7416571650526404e+09,"mean_perplexity":1.3622066855430603,"perplexity":1.482926845550537}