{"loss":4.062719821929932,"perplexity":58.132205963134766,"_timestamp":1.7398328835356214e+09,"_runtime":252.594326561,"_step":9,"_wandb":{"runtime":254},"step":200}