{"Step":600,"_wandb":{"runtime":1561},"_step":286,"loss":0.13477735221385956,"perplexity":1.1442819833755493,"Validation Accuracy":19.11468505859375,"_runtime":1556.414477571,"step":760,"Validation Loss":8.363299369812012,"_timestamp":1.740452599398988e+09,"Epoch":7}