{"perplexity":14.85387897491455,"_timestamp":1.7386256111076438e+09,"_wandb":{"runtime":70},"_runtime":70.554049062,"_step":19,"step":400,"loss":2.698261022567749}