{"_step":195,"final_mean_perplexity":3.950512595054431,"perplexity":3.9431726932525635,"_timestamp":1.7416579433560069e+09,"_wandb":{"runtime":131},"sample":195,"_runtime":131.361591225,"mean_perplexity":3.950512595054431,"std_perplexity":0.8583292142558415,"final_std_perplexity":0.8583292142558415}