{"loss":1.5629061460494995,"validation_accuracy":23.55194091796875,"_step":38,"_timestamp":1.7386258678355348e+09,"step":760,"_wandb":{"runtime":130},"_runtime":128.126926018,"validation_loss":5.548014879226685,"perplexity":4.772671222686768}