{"final_std_perplexity":0.23719747337863883,"final_mean_perplexity":1.4078693985939026,"_timestamp":1.7416583458681455e+09,"std_perplexity":0.23719747337863883,"sample":20,"_step":20,"_runtime":17.280968054,"mean_perplexity":1.4078693985939026,"_wandb":{"runtime":17},"perplexity":1.1679942607879639}