{"perplexity":1.1458287239074707,"Step":600,"_step":286,"Validation Loss":8.326958417892456,"loss":0.13612812757492065,"_runtime":1984.837316562,"Epoch":7,"_wandb":{"runtime":1990},"step":760,"Validation Accuracy":18.64776611328125,"_timestamp":1.740512921812255e+09}