{"Step":600,"step":760,"perplexity":1.1508076190948486,"Epoch":7,"_timestamp":1.7405151762862442e+09,"Validation Loss":8.180762767791748,"_wandb":{"runtime":1556},"loss":0.14046397805213928,"_runtime":1552.327459653,"_step":286,"Validation Accuracy":19.744873046875}