{"step":760,"Validation Loss":12.426661252975464,"_wandb":{"runtime":6253},"Step":600,"loss":2.2949302196502686,"Validation Accuracy":17.10968017578125,"_runtime":6247.76664427,"perplexity":9.92374324798584,"Epoch":21,"_timestamp":1.7400200104417894e+09,"_step":860}