{"std_perplexity":1.2062524649785935,"perplexity":2.75569486618042,"_wandb":{"runtime":131},"_timestamp":1.741658638763981e+09,"final_std_perplexity":1.2062524649785935,"final_mean_perplexity":4.058241299482492,"_runtime":131.814794235,"_step":390,"sample":390,"mean_perplexity":4.058241299482492}