{"_step":20,"step":60,"loss":0.04845813661813736,"training_perplexity":1.0496515035629272,"_timestamp":1.741235202955781e+09,"_runtime":184.242220062,"_wandb":{"runtime":188}}