{"_wandb":{"runtime":7033},"Epoch":21,"Validation Loss":10.98652195930481,"loss":0.18577323853969574,"step":760,"Validation Accuracy":17.9412841796875,"perplexity":1.2041491270065308,"_runtime":7026.80092462,"_step":860,"Step":600,"_timestamp":1.7400306500822923e+09}