{"step":400,"loss":4.460161209106445,"_timestamp":1.7383701754054449e+09,"_runtime":68.399991039,"_step":20,"validation_accuracy":26.08489990234375,"validation_loss":4.924009799957275,"_wandb":{"runtime":69}}