{"_step":97,"mean_perplexity":3.789940256433389,"sample":97,"final_std_perplexity":0.571154015718763,"_wandb":{"runtime":129},"_runtime":129.20067472,"_timestamp":1.7416582436508706e+09,"final_mean_perplexity":3.789940256433389,"perplexity":4.570832252502441,"std_perplexity":0.571154015718763}