{"Validation Loss":8.13642406463623,"training_perplexity":1.110615849494934,"loss":0.10491475462913513,"_wandb":{"runtime":1780},"step":700,"_step":265,"Sample perplexity":2.1640679836273193,"Step":600,"Epoch":7,"_timestamp":1.7416012236052446e+09,"_runtime":1779.790789564,"Validation Accuracy":19.3756103515625}