{"_runtime":3153.224801381,"_wandb":{"runtime":3154},"Validation Loss":9.194064140319824,"Epoch":7,"Step":600,"step":700,"Validation Accuracy":19.586181640625,"_step":265,"loss":0.146763876080513,"Sample perplexity":2.006399154663086,"training_perplexity":1.1580805778503418,"_timestamp":1.741605324412427e+09}